325.0,0.6018518518518519,0.25309201437693446,0.7880643068792945,20.342144725641095,1.0,0.0,1.0
823.0,0.5683701657458563,0.2560026762624616,0.973198369641226,32.37091511398834,2.0,0.0,1.0
1562.0,0.3777509068923821,0.26225804778891004,0.9541112447388779,44.59596583634359,3.0,0.0,1.0
139.0,0.3871866295264624,0.261983360961194,0.9425326424785597,13.303394180365686,4.0,0.0,1.0
285.0,0.890625,0.6139112717226934,0.6876618924371481,19.04923279949934,5.0,0.0,1.0
656.0,0.6431372549019608,0.26846605271283425,0.928945846111444,28.900607975374268,6.0,0.0,1.0
502.0,0.5323435843054083,0.2837825252774704,0.9687813032224124,25.281737508665255,7.0,0.0,1.0
136.0,0.8047337278106509,0.660697828759166,0.6304588773126841,13.159049284959082,8.0,0.0,1.0
393.0,0.9357142857142857,0.5930549561522389,0.6963659136582625,22.36924542940416,9.0,0.0,1.0
148.0,0.8757396449704142,0.7107313367966059,0.6949650277395746,13.727325035155395,10.0,0.0,1.0
362.0,0.8872549019607843,0.6154479700557436,0.6475279418030311,21.468877828012552,11.0,0.0,1.0
142.0,0.8022598870056498,0.37528307882833045,0.8940468986211839,13.446189622059965,12.0,0.0,1.0
400.0,0.5449591280653951,0.36990196850151075,0.8679033997170649,22.56758334191025,13.0,0.0,1.0
213.0,0.7220338983050848,0.4132376006791281,0.5319045113729189,16.46815177937675,14.0,0.0,1.0
296.0,0.6577777777777778,0.367766303589218,0.9012674935273752,19.413369239820483,15.0,0.0,1.0
147.0,0.6049382716049383,0.3237828569752817,0.8777239808212675,13.680870333281758,16.0,0.0,1.0
149.0,0.573076923076923,0.34796684680369283,0.7765744812991272,13.773623058786647,17.0,0.0,1.0
175.0,0.5520504731861199,0.31865547222750645,0.6665368231511126,14.927053303604616,18.0,0.0,1.0
201.0,0.5012468827930174,0.3469515260475788,0.894820167781105,15.99753570059363,19.0,0.0,1.0
380.0,0.9429280397022333,0.5928896011490571,0.5166213829799612,21.996159369293583,20.0,0.0,1.0
273.0,0.9069767441860465,0.6446886658668517,0.7738831568080702,18.643883600599406,21.0,0.0,1.0
311.0,0.9174041297935103,0.5929260692795759,0.5069568243903857,19.899183360445615,22.0,0.0,1.0
237.0,0.9011406844106464,0.658807003045384,0.6397588999264092,17.371176474327626,23.0,0.0,1.0
204.0,0.8360655737704918,0.6885428866919352,0.5917130953294579,16.11647812414279,24.0,0.0,1.0
305.0,0.941358024691358,0.6262809608803421,0.6362199301688898,19.706294962377495,25.0,0.0,1.0
203.0,0.8423236514522822,0.6723461993809406,0.4376956276305981,16.07692842495848,26.0,0.0,1.0
193.0,0.9278846153846154,0.6653662700727196,0.48246758923458066,15.67594437773643,27.0,0.0,1.0
215.0,0.48642533936651583,0.4042863716912885,0.9233688949297177,16.545286401814263,28.0,0.0,1.0
122.0,0.6288659793814433,0.3961105815699843,0.9493015569946728,12.463355264843006,29.0,0.0,1.0
624.0,0.9765258215962441,0.40809452891922876,0.6524331860676738,28.18690255978371,30.0,0.0,1.0
368.0,0.32167832167832167,0.371792420016034,0.924835792888752,21.646065519224038,31.0,0.0,1.0
387.0,0.5908396946564886,0.3435780606990649,0.9048539993565546,22.197831060995757,32.0,0.0,1.0
124.0,0.6850828729281768,0.24667932573826082,0.8500150119986152,12.565098628628435,33.0,0.0,1.0
122.0,0.648936170212766,0.3694953468979378,0.9002860766336642,12.463355264843006,34.0,0.0,1.0
262.0,0.41130298273155413,0.34301752170533767,0.968319991923828,18.26441241104166,35.0,0.0,1.0
130.0,0.45936395759717313,0.3092609438758625,0.9412189165946725,12.865501965161373,36.0,0.0,1.0
242.0,0.7986798679867987,0.18810566074469057,0.8193983542129074,17.55346033766304,37.0,0.0,1.0
336.0,0.7320261437908496,0.35776144638657553,0.8766368568401143,20.683531783305643,38.0,0.0,1.0
289.0,0.7100737100737101,0.34448742345748906,0.6278753010438828,19.182445840623714,39.0,0.0,1.0
3503.0,0.9826086956521739,0.024154087223241628,0.3908208619894831,66.78441528685622,40.0,0.0,1.0
326.0,0.4075,0.3274028715820388,0.9035981081160247,20.37341629633241,41.0,0.0,1.0
212.0,0.8870292887029289,0.6507769353547186,0.5674088704262324,16.42944866646031,42.0,0.0,1.0
349.0,0.9136125654450262,0.5774144866746611,0.5469980054305108,21.079862454783044,43.0,0.0,1.0
145.0,0.8238636363636364,0.6613928531778271,0.3246533759318465,13.58748446131949,44.0,0.0,1.0
876.0,0.6924901185770751,0.04272540198898772,0.9157555490311693,33.396973533360814,45.0,0.0,1.0
709.0,0.6883495145631068,0.2637407084025868,0.9115491242800976,30.045412914740087,1.0,0.0,2.0
557.0,0.8582434514637904,0.23085155622963535,0.852334689371455,26.63070457981699,2.0,0.0,2.0
429.0,0.9470198675496688,0.2594634186485161,0.6272829108152096,23.371344948277684,3.0,0.0,2.0
401.0,0.8755458515283843,0.26344922798084314,0.7300665358285732,22.595775212167435,4.0,0.0,2.0
426.0,0.8711656441717791,0.2533830503622707,0.8453929584040152,23.28948359361322,5.0,0.0,2.0
286.0,0.9050632911392406,0.27387906980889803,0.643563612069884,19.08262324195121,6.0,0.0,2.0
268.0,0.9241379310344827,0.25169740183584893,0.5916144412369377,18.47236308621676,7.0,0.0,2.0
214.0,0.8806584362139918,0.2932930293484286,0.7352400718759186,16.50676414605009,8.0,0.0,2.0
490.0,0.8781362007168458,0.21839936418192848,0.7046243051301522,24.977737626138797,9.0,0.0,2.0
483.0,0.8625,0.2563147068208795,0.7918996622102306,24.798683434954437,10.0,0.0,2.0
185.0,0.9203980099502488,0.24447271364766207,0.7035915932433298,15.347615963921077,11.0,0.0,2.0
394.0,0.89749430523918,0.24782522718616046,0.6457139360023673,22.397686948112614,12.0,0.0,2.0
358.0,0.8753056234718827,0.27057728837322426,0.629651461931836,21.349935761383176,13.0,0.0,2.0
282.0,0.8785046728971962,0.22333472956579936,0.3288682845849305,18.948708441878455,14.0,0.0,2.0
261.0,0.9,0.23488844303107423,0.5736615160448978,18.229523339239496,15.0,0.0,2.0
427.0,0.6931818181818182,0.25246820701787825,0.8684235360358918,23.31680264534386,16.0,0.0,2.0
199.0,0.9567307692307693,0.24016159855241317,0.835545467424758,15.91774699517169,17.0,0.0,2.0
424.0,0.9197396963123644,0.1859323014768795,0.8846300097608577,23.23474912642073,18.0,0.0,2.0
270.0,0.9608540925266904,0.2310239706878335,0.7100264653236644,18.5411616971131,19.0,0.0,2.0
397.0,0.7338262476894639,0.29952092667671026,0.7035500683455767,22.48279562821002,20.0,0.0,2.0
218.0,0.919831223628692,0.2626191827408777,0.5851523188978435,16.66031874701878,21.0,0.0,2.0
482.0,0.9043151969981238,0.22962330677450027,0.7703935105739076,24.77299861870477,22.0,0.0,2.0
342.0,0.936986301369863,0.2212590344293777,0.7016405791201362,20.867389014906145,23.0,0.0,2.0
259.0,0.886986301369863,0.2522976824215505,0.7377959007171239,18.159544104586082,24.0,0.0,2.0
290.0,0.9119496855345912,0.2538877685008379,0.16400106282664909,19.21560480373171,25.0,0.0,2.0
401.0,0.8717391304347826,0.2439391776510615,0.6493639875339322,22.595775212167435,26.0,0.0,2.0
304.0,0.9074626865671642,0.26772446552977824,0.5279191420119873,19.67396303746374,27.0,0.0,2.0
350.0,0.9259259259259259,0.22410084605217018,0.5065822935071278,21.11004122822376,28.0,0.0,2.0
381.0,0.8901869158878505,0.24430035078150267,0.605926736404163,22.025082668269306,29.0,0.0,2.0
273.0,0.9612676056338029,0.22951950498553228,0.47780057345801524,18.643883600599406,30.0,0.0,2.0
412.0,0.8879310344827587,0.20567295374801003,0.6379429766912358,22.903595622322865,31.0,0.0,2.0
599.0,0.6482683982683982,0.2333955339129669,0.9254162477855004,27.616489409343153,32.0,0.0,2.0
224.0,0.8205128205128205,0.2506477665156138,0.5899316582572149,16.88803298257901,33.0,0.0,2.0
287.0,0.9471947194719472,0.1871285154013701,0.8442783299061992,19.115955360352558,34.0,0.0,2.0
755.0,0.7315891472868217,0.19122711775318763,0.9395762690412968,31.004771508189638,35.0,0.0,2.0
330.0,0.9375,0.21992870352485075,0.7602864926317127,20.49802550887777,36.0,0.0,2.0
503.0,0.8613013698630136,0.22650762583697737,0.8219480699773821,25.30690599424961,37.0,0.0,2.0
243.0,0.8321917808219178,0.22790285233607516,0.41432158404136704,17.58969042850512,38.0,0.0,2.0
255.0,0.8703071672354948,0.23672434179222038,0.6662865547449004,18.01877032173579,39.0,0.0,2.0
241.0,0.9525691699604744,0.227760154243822,0.678241878474224,17.517155313611116,40.0,0.0,2.0
347.0,0.9327956989247311,0.20663389675211918,0.8269151718933951,21.019374919894773,41.0,0.0,2.0
286.0,0.8614457831325302,0.2172768433298267,0.7279753583369524,19.08262324195121,42.0,0.0,2.0
223.0,0.9330543933054394,0.21128990076849796,0.5635885256918032,16.85029431422316,43.0,0.0,2.0
427.0,0.8767967145790554,0.20196538060833907,0.8190392958988998,23.31680264534386,44.0,0.0,2.0
291.0,0.9267515923566879,0.22483660577703685,0.5465212661519445,19.248706645328987,45.0,0.0,2.0
217.0,0.84765625,0.20016265059671054,0.697195842402118,16.622063085174787,46.0,0.0,2.0
329.0,0.8844086021505376,0.2147565455059873,0.6951892655137571,20.466944330257718,47.0,0.0,2.0
557.0,0.8785488958990536,0.23014750381132584,0.8552129218287311,26.63070457981699,48.0,0.0,2.0
298.0,0.9612903225806452,0.20750099090521956,0.5432532706239184,19.47884453275087,49.0,0.0,2.0
425.0,0.9199134199134199,0.2169965444943494,0.7067495626262407,23.26213245840639,50.0,0.0,2.0
266.0,0.86084142394822,0.23622291462313855,0.6322046400107141,18.403307281560924,51.0,0.0,2.0
493.0,0.8618881118881119,0.22951120120033097,0.8439703678570075,25.05408341078227,52.0,0.0,2.0
310.0,0.9717868338557993,0.21405440069014003,0.6359538576902477,19.867165345562018,53.0,0.0,2.0
547.0,0.8682539682539683,0.21535649508837174,0.8760806763881562,26.390567083147985,54.0,0.0,2.0
218.0,0.8320610687022901,0.23549199931391854,0.44233920065777554,16.66031874701878,55.0,0.0,2.0
355.0,0.9441489361702128,0.20222038601485903,0.7848886618784288,21.260292528114064,56.0,0.0,2.0
428.0,0.8861283643892339,0.2272952228923831,0.81763043686087,23.34408972623798,57.0,0.0,2.0
295.0,0.8939393939393939,0.2665470328371419,0.4588727029733527,19.38054864282415,58.0,0.0,2.0
380.0,0.8207343412526998,0.23807018148271836,0.797422136758537,21.996159369293583,59.0,0.0,2.0
356.0,0.9151670951156813,0.24323640098230334,0.7754536785851874,21.290215544369623,60.0,0.0,2.0
899.0,0.7089905362776026,0.21498397362311877,0.9475151318224644,33.83256346653194,61.0,0.0,2.0
360.0,0.9549071618037135,0.21004357751872876,0.6835372859457649,21.409489393833255,62.0,0.0,2.0
386.0,0.8873563218390804,0.22485015336713723,0.7511339081626605,22.16913314200113,63.0,0.0,2.0
252.0,0.8842105263157894,0.30571118233695976,0.41859915660946356,17.91246396432554,64.0,0.0,2.0
180.0,0.9424083769633508,0.254684102535249,0.6077668006247586,15.138795132120961,65.0,0.0,2.0
277.0,0.8470948012232415,0.2604091515502333,0.8030036254911485,18.77997214831907,66.0,0.0,2.0
299.0,0.9115853658536586,0.2621811336797233,0.5100386552368762,19.511499785403828,67.0,0.0,2.0
145.0,0.8841463414634146,0.7587559305388352,0.41197877936514404,13.58748446131949,1.0,2.0,1.0
267.0,0.898989898989899,0.6862745285034177,0.3393316295539142,18.437867513470433,2.0,2.0,1.0
122.0,0.9242424242424242,0.7588556877902304,0.6837455293679777,12.463355264843006,3.0,2.0,1.0
442.0,0.9384288747346072,0.6294916377348059,0.6599905608747345,23.722813466638858,4.0,2.0,1.0
345.0,0.8937823834196891,0.6715203378511512,0.5581922653578951,20.958712816717327,5.0,2.0,1.0
1.0,1.0,0.41176471114158686,0.0,1.1283791670955126,6.0,2.0,1.0
437.0,0.9180672268907563,0.6869655142386939,0.4096308926372289,23.58825303088947,7.0,2.0,1.0
433.0,0.8964803312629399,0.6601911174782981,0.44802941273427743,23.480049464818542,8.0,2.0,1.0
2.0,1.0,0.4941176474094521,1.0,1.5957691216057308,9.0,2.0,1.0
260.0,0.8843537414965986,0.7028808623552323,0.8099081444662889,18.19456736586892,10.0,2.0,1.0
5647.0,0.8651754251570399,0.12162279806835312,0.5786526590378495,84.79377164107906,11.0,2.0,1.0
238.0,0.8040540540540541,0.7227714780498956,0.5088547359930351,17.407785949022028,12.0,2.0,1.0
302.0,0.94375,0.6472016831502223,0.461957770955249,19.60913925979463,13.0,2.0,1.0
177.0,0.9267015706806283,0.7529633469500789,0.6292647511053373,15.012108426804138,14.0,2.0,1.0
274.0,0.9042904290429042,0.6820094650679265,0.659954327554893,18.677998695187732,15.0,2.0,1.0
186.0,0.8732394366197183,0.7333544329289469,0.5549594494599526,15.389040103942165,16.0,2.0,1.0
188.0,0.8281938325991189,0.7367751512755739,0.7422388670108834,15.471555655790098,17.0,2.0,1.0
652.0,0.9504373177842566,0.44674607343468836,0.6709666785355216,28.812361638146328,18.0,2.0,1.0
185.0,0.8295964125560538,0.7352835345912624,0.7192742930680969,15.347615963921077,19.0,2.0,1.0
138.0,0.8903225806451613,0.7506678182145825,0.643065185474355,13.255453865237978,20.0,2.0,1.0
204.0,0.796875,0.7014033242183578,0.6413398672033241,16.11647812414279,21.0,2.0,1.0
300.0,0.9063444108761329,0.6132287812232973,0.6541788620078873,19.544100476116796,22.0,2.0,1.0
377.0,0.8891509433962265,0.2960316300866477,0.555332017478473,21.909160375631842,1.0,2.0,2.0
473.0,0.9478957915831663,0.30583261567744896,0.5639920006856342,24.54062559633988,2.0,2.0,2.0
442.0,0.8649706457925636,0.30847308022809117,0.47077900218512736,23.722813466638858,3.0,2.0,2.0
348.0,0.8810126582278481,0.27903989955098035,0.38767548501309723,21.049640414216977,4.0,2.0,2.0
309.0,0.9142011834319527,0.4085792341664391,0.8036867367305536,19.83509564693766,5.0,2.0,2.0
224.0,0.9068825910931174,0.30681023340938435,0.49435608114175733,16.88803298257901,6.0,2.0,2.0
310.0,0.7711442786069652,0.24246679928994938,0.4843081385298036,19.867165345562018,7.0,2.0,2.0
346.0,0.8804071246819338,0.2358608242834936,0.3435858856924041,20.98906578384008,8.0,2.0,2.0
302.0,0.9556962025316456,0.3156213554621555,0.675366209294197,19.60913925979463,9.0,2.0,2.0
324.0,0.7980295566502463,0.2511619529054509,0.883217051280966,20.310825007719227,10.0,2.0,2.0
276.0,0.9452054794520548,0.2793549385623672,0.699430442145674,18.746042631630413,11.0,2.0,2.0
774.0,0.6783523225241017,0.23631758135033656,0.8383288049344685,31.39247374172695,12.0,2.0,2.0
283.0,0.881619937694704,0.25749325136203427,0.665021515448194,18.982275710779543,13.0,2.0,2.0
347.0,0.9429347826086957,0.2251116070434768,0.5739777093861697,21.019374919894773,14.0,2.0,2.0
308.0,0.8825214899713467,0.2267507057056417,0.6672436167060594,19.802974013476614,15.0,2.0,2.0
248.0,0.9051094890510949,0.23790323145447315,0.30616140310855994,17.769732893161912,16.0,2.0,2.0
262.0,0.9424460431654677,0.30005987818914687,0.3844107672065374,18.26441241104166,17.0,2.0,2.0
442.0,0.9324894514767933,0.24421081277310136,0.6053881195013507,23.722813466638858,18.0,2.0,2.0
649.0,0.6904255319148936,0.22752349611331807,0.8799783349061512,28.745999104799274,19.0,2.0,2.0
254.0,0.9338235294117647,0.2554732192102372,0.5939513068839052,17.983404693292407,20.0,2.0,2.0
277.0,0.7651933701657458,0.2119345981829453,0.764341297907273,18.77997214831907,21.0,2.0,2.0
376.0,0.8847058823529412,0.27393617805965653,0.37346133158572004,21.880083839428522,22.0,2.0,2.0
283.0,0.956081081081081,0.20432343110178824,0.6977203288017673,18.982275710779543,23.0,2.0,2.0
268.0,0.9084745762711864,0.227187597540332,0.6867750973607035,18.47236308621676,24.0,2.0,2.0
292.0,0.9096573208722741,0.22391888836067222,0.4700608707550153,19.281751659604673,25.0,2.0,2.0
374.0,0.7974413646055437,0.24170075092006524,0.37968172635445996,21.821814538001895,26.0,2.0,2.0
334.0,0.907608695652174,0.2781965550548303,0.3352667110972428,20.62188177498708,27.0,2.0,2.0
386.0,0.8914549653579676,0.298902782133825,0.6352509077942968,22.16913314200113,28.0,2.0,2.0
460.0,0.8199643493761141,0.2329838079926775,0.8735291579293603,24.201036973199617,29.0,2.0,2.0
250.0,0.8896797153024911,0.23134118235111334,0.26926844757215646,17.841241161527712,30.0,2.0,2.0
322.0,0.8919667590027701,0.24615760004113435,0.5606788718519589,20.248040236149336,31.0,2.0,2.0
365.0,0.8588235294117647,0.2605425795055432,0.624048618277662,21.557653718072718,32.0,2.0,2.0
384.0,0.8787185354691075,0.1789828484761544,0.8129655395290595,22.111625566165472,33.0,2.0,2.0
323.0,0.8590425531914894,0.25788867289067763,0.6625402627101997,20.279456919490165,34.0,2.0,2.0
366.0,0.8491879350348028,0.2929711849963084,0.377945513068566,21.587164551489145,35.0,2.0,2.0
370.0,0.8685446009389671,0.33904611424014436,0.4513173084350338,21.70480664627101,36.0,2.0,2.0
221.0,0.9132231404958677,0.2017744710812227,0.8117400085371881,16.774562271083887,37.0,2.0,2.0
268.0,0.9146757679180887,0.19768803550013994,0.7001639412905953,18.47236308621676,38.0,2.0,2.0
365.0,0.8057395143487859,0.1945635287320779,0.7465361968821123,21.557653718072718,39.0,2.0,2.0
321.0,0.9277456647398844,0.24711991391635182,0.4331991645441105,20.216574731145414,40.0,2.0,2.0
448.0,0.8682170542635659,0.2731004967354252,0.717781835580699,23.883285285767386,41.0,2.0,2.0
319.0,0.9410029498525073,0.2654619276710442,0.5225817594419133,20.153496341094687,42.0,2.0,2.0
199.0,0.9386792452830188,0.21692778192572892,0.7805896300760159,15.91774699517169,43.0,2.0,2.0
823.0,0.7830637488106565,0.2404688795528326,0.9080526746590923,32.37091511398834,44.0,2.0,2.0
270.0,0.7941176470588235,0.2604793093270711,0.8230591618014836,18.5411616971131,45.0,2.0,2.0
242.0,0.9641434262948207,0.22505267130688458,0.31596799265479164,17.55346033766304,46.0,2.0,2.0
339.0,0.8992042440318302,0.3101741072878383,0.3665554835888606,20.775663783985824,47.0,2.0,2.0
170.0,0.8947368421052632,0.8241061235175416,0.2385682891167904,14.712264360219255,1.0,3.0,1.0
279.0,0.8584615384615385,0.7641436643497924,0.4600359876818096,18.847647942942654,2.0,3.0,1.0
153.0,0.8693181818181818,0.8317826577261385,0.5168687270973674,13.957279475043833,3.0,3.0,1.0
154.0,0.806282722513089,0.7616755935278824,0.7984666145922291,14.002817212590296,4.0,3.0,1.0
173.0,0.6134751773049646,0.7972345128224783,0.9726626584587112,14.841510746523857,5.0,3.0,1.0
151.0,0.877906976744186,0.7986235673853901,0.4990898272680286,13.86575534383214,6.0,3.0,1.0
1.0,1.0,0.7294117808341981,0.0,1.1283791670955126,7.0,3.0,1.0
4.0,1.0,0.6823529601097098,0.9606594016383402,2.256758334191025,8.0,3.0,1.0
121.0,0.7857142857142857,0.8054448341535152,0.5200069416148729,12.412170838050638,9.0,3.0,1.0
8.0,0.8,0.5539215952158085,0.9008389276478763,3.1915382432114616,10.0,3.0,1.0
304.0,0.95,0.6721362424524217,0.5032998716928554,19.67396303746374,11.0,3.0,1.0
506.0,0.8281505728314239,0.5227621640612488,0.7857792597537551,25.38226171238474,12.0,3.0,1.0
8.0,1.0,0.6735294312238612,0.7950972173652757,3.1915382432114616,13.0,3.0,1.0
20.0,0.5882352941176471,0.583725515007974,0.9089997715241223,5.046265044040321,14.0,3.0,1.0
278.0,0.8938906752411575,0.7761884743361167,0.6642344377420715,18.81384047546846,15.0,3.0,1.0
436.0,0.9159663865546218,0.7555135961519469,0.4855870125420953,23.56124872549269,16.0,3.0,1.0
412.0,0.9196428571428571,0.7263087922508278,0.5466222857152909,22.903595622322865,17.0,3.0,1.0
132.0,0.4888888888888889,0.7752525386485187,0.7671514660572334,12.964089628857149,18.0,3.0,1.0
152.0,0.5714285714285714,0.7860681242064428,0.9643253819507451,13.911592676604096,19.0,3.0,1.0
268.0,0.8933333333333333,0.7664179243703386,0.808191407553698,18.47236308621676,20.0,3.0,1.0
219.0,0.7577854671280276,0.7838481640162535,0.511701650071344,16.698486766680407,21.0,3.0,1.0
325.0,0.9002770083102493,0.7237285232543947,0.4652049564840078,20.342144725641095,22.0,3.0,1.0
154.0,0.8415300546448088,0.8159409327940509,0.5655164512606542,14.002817212590296,23.0,3.0,1.0
136.0,0.8292682926829268,0.8144175427801479,0.7323588748990697,13.159049284959082,24.0,3.0,1.0
180.0,0.4295942720763723,0.7707843273878107,0.9783765453705897,15.138795132120961,25.0,3.0,1.0
292.0,0.9040247678018576,0.7587026735282928,0.6456347853652904,19.281751659604673,26.0,3.0,1.0
167.0,0.8146341463414634,0.7981683811741677,0.6016968132922867,14.581872443920643,27.0,3.0,1.0
153.0,0.8947368421052632,0.48655646610883324,0.942262148426868,13.957279475043833,28.0,3.0,1.0
207.0,0.5549597855227882,0.4901013655075129,0.939149480531405,16.23454913941803,29.0,3.0,1.0
130.0,0.6074766355140186,0.47004525936566866,0.9812486493222994,12.865501965161373,30.0,3.0,1.0
157.0,0.7268518518518519,0.5367303794356666,0.9383704116743193,14.138550439257221,31.0,3.0,1.0
254.0,0.503968253968254,0.43245330711049357,0.9319278842988395,17.983404693292407,32.0,3.0,1.0
154.0,0.47384615384615386,0.4192513463559089,0.9532529568758885,14.002817212590296,33.0,3.0,1.0
712.0,0.29180327868852457,0.39236616803688934,0.7581397203437856,30.10891156869401,34.0,3.0,1.0
143.0,0.6908212560386473,0.7216783382675879,0.9797501173786018,13.493452297211721,35.0,3.0,1.0
590.0,0.34767236299351795,0.4428647467645554,0.9297562758596878,27.408234736913393,36.0,3.0,1.0
254.0,0.5825688073394495,0.20032422713876713,0.9033025855101906,17.983404693292407,37.0,3.0,1.0
261.0,0.7414772727272727,0.4683044189694284,0.9703959529836319,18.229523339239496,38.0,3.0,1.0
9584.0,0.3933349749651153,0.2736812247233916,0.9206236240189811,110.46595763737261,39.0,3.0,1.0
676.0,0.9561527581329562,0.5322021288279234,0.6675860959292432,29.33785834448333,40.0,3.0,1.0
691.0,0.5054864667154353,0.45936268585290646,0.9801749165720391,29.661566469288122,41.0,3.0,1.0
364.0,0.6086956521739131,0.39449472774516103,0.8540327869998171,21.528102431092233,42.0,3.0,1.0
120.0,0.5882352941176471,0.6723856404423715,0.9344201042669068,12.360774464742066,43.0,3.0,1.0
187.0,0.8820754716981132,0.7993499123476406,0.607974962543009,15.430353037616328,44.0,3.0,1.0
139.0,0.896774193548387,0.4365072747786269,0.6662633088705555,13.303394180365686,45.0,3.0,1.0
5197.0,0.3401178010471204,0.1326511938883646,0.9006862582503238,81.34510381079271,46.0,3.0,1.0
1073.0,0.3305606900800986,0.28977578747861316,0.8812835981798364,36.961953837707625,47.0,3.0,1.0
124.0,0.7005649717514124,0.6020556846933978,0.8350932804006332,12.565098628628435,48.0,3.0,1.0
239.0,0.5558139534883721,0.4831897726118817,0.9701611466854856,17.44431859350499,49.0,3.0,1.0
139.0,0.6376146788990825,0.48105516493749273,0.8201503439471444,13.303394180365686,50.0,3.0,1.0
155.0,0.7635467980295566,0.4039721756212174,0.8626071139812894,14.048207338801282,51.0,3.0,1.0
2574.0,0.5335820895522388,0.3346344373523957,0.9275995145550366,57.24786972585363,52.0,3.0,1.0
310.0,0.4403409090909091,0.3865528220611239,0.9322645238064617,19.867165345562018,53.0,3.0,1.0
5575.0,0.1544150232661201,0.2817022845763798,0.8446400742708589,84.25147157111579,54.0,3.0,1.0
1125.0,0.39865343727852587,0.2131311602228215,0.9204432232887914,37.8469878303024,55.0,3.0,1.0
242.0,0.7934426229508197,0.7733754793967097,0.5965201554129176,17.55346033766304,56.0,3.0,1.0
140.0,0.3977272727272727,0.606974812277727,0.8842562815669334,13.351162356249091,57.0,3.0,1.0
661.0,0.5378356387306753,0.34874670888309955,0.9658209757516455,29.010538413996088,58.0,3.0,1.0
353.0,0.9192708333333334,0.693851043077096,0.6588452916347212,21.200319792199185,59.0,3.0,1.0
127.0,0.3735294117647059,0.5768720326930523,0.8767529000530507,12.716187407449045,60.0,3.0,1.0
157.0,0.6652542372881356,0.7333333492279054,0.9610257932983471,14.138550439257221,61.0,3.0,1.0
277.0,0.4920071047957371,0.7301338024518128,0.7373941855144319,18.77997214831907,62.0,3.0,1.0
219.0,0.6203966005665722,0.5626108238141839,0.9323185239728198,16.698486766680407,63.0,3.0,1.0
131.0,0.9492753623188406,0.7772489281101086,0.5668777491488105,12.914889870235298,64.0,3.0,1.0
374.0,0.8968824940047961,0.4237705875526793,0.7276661460934137,21.821814538001895,1.0,3.0,2.0
553.0,0.8848,0.4699925648260745,0.28424842701325,26.534910368014152,2.0,3.0,2.0
359.0,0.8368298368298368,0.4429624867638499,0.6832138798093685,21.37973331358283,3.0,3.0,2.0
623.0,0.8640776699029126,0.4536996933947026,0.32643899649554475,28.16430784468183,4.0,3.0,2.0
808.0,0.8136958710976838,0.4221413410314825,0.7768697005922566,32.07456238432586,5.0,3.0,2.0
415.0,0.9140969162995595,0.384360981059364,0.3940703601421895,22.98683125324351,6.0,3.0,2.0
1089.0,0.7103718199608611,0.357215660033258,0.8991939833577488,37.23651251415192,7.0,3.0,2.0
595.0,0.8623188405797102,0.3883934839432969,0.7310283454989897,27.524126309792685,8.0,3.0,2.0
440.0,0.842911877394636,0.4451871755448272,0.8208923589023389,23.66908109081279,9.0,3.0,2.0
446.0,0.7263843648208469,0.44857997991846343,0.7663910913966427,23.829914749152643,10.0,3.0,2.0
438.0,0.9087136929460581,0.3602113076677053,0.7238115638374752,23.615226456547084,11.0,3.0,2.0
676.0,0.952112676056338,0.38971459340943404,0.6202687983986185,29.33785834448333,12.0,3.0,2.0
367.0,0.9386189258312021,0.4712186899919288,0.5087938899425232,21.616635097022034,13.0,3.0,2.0
547.0,0.8808373590982287,0.4561996026274504,0.14014857296751437,26.390567083147985,14.0,3.0,2.0
442.0,0.8857715430861723,0.39586550523253433,0.32321977829709087,23.722813466638858,15.0,3.0,2.0
654.0,0.8650793650793651,0.4372908893619482,0.7164216335557994,28.856518540128786,16.0,3.0,2.0
462.0,0.8783269961977186,0.38011205351197963,0.14751846265072163,24.253590861306396,17.0,3.0,2.0
447.0,0.9530916844349681,0.4263280344089412,0.3618232508925145,23.85661494212072,18.0,3.0,2.0
252.0,0.896797153024911,0.4531434897392492,0.6580556385611165,17.91246396432554,19.0,3.0,2.0
561.0,0.8918918918918919,0.44893223865359516,0.427679748180893,26.726155439876237,20.0,3.0,2.0
439.0,0.9145833333333333,0.37866810439387666,0.5925818911119264,23.642169108157916,21.0,3.0,2.0
370.0,0.9135802469135802,0.3761738290657891,0.5425042647569922,21.70480664627101,22.0,3.0,2.0
1231.0,0.8077427821522309,0.3859002025363706,0.8934298165888541,39.58987092134787,23.0,3.0,2.0
563.0,0.8569254185692542,0.43686832829012967,0.20783776620172692,26.77375326109316,24.0,3.0,2.0
557.0,0.9267886855241264,0.3844967884157046,0.25757230489685395,26.63070457981699,25.0,3.0,2.0
441.0,0.901840490797546,0.41954560547459147,0.6703543606042677,23.695962509005764,26.0,3.0,2.0
509.0,0.8222940226171244,0.40178744281204737,0.5214189117695445,25.45739437315213,27.0,3.0,2.0
490.0,0.9040590405904059,0.4129731985379241,0.6809664258323757,24.977737626138797,28.0,3.0,2.0
566.0,0.7916083916083916,0.36924410234913074,0.4975076768320123,26.844991754889815,29.0,3.0,2.0
540.0,0.88379705400982,0.42921569667480675,0.16663131941825687,26.221162334209897,30.0,3.0,2.0
465.0,0.8773584905660378,0.44380350990962214,0.7584473454668997,24.33220886606579,31.0,3.0,2.0
491.0,0.9460500963391136,0.42027076490056653,0.37632222889388817,25.003212122944625,32.0,3.0,2.0
472.0,0.8613138686131386,0.39789798161235834,0.447523902248565,24.514670406003766,33.0,3.0,2.0
468.0,0.8493647912885662,0.3464136173327773,0.39133694343182907,24.410573670769317,34.0,3.0,2.0
505.0,0.8969804618117229,0.33756553011365414,0.5728136937549313,25.357168021907675,35.0,3.0,2.0
420.0,0.8450704225352113,0.46023343702157415,0.8780888590932148,23.12489154112443,36.0,3.0,2.0
314.0,0.9429429429429429,0.36736606260773547,0.5174820184660583,19.994929783493642,37.0,3.0,2.0
392.0,0.937799043062201,0.36234494648417653,0.6389331662264102,22.34076770248023,38.0,3.0,2.0
439.0,0.9543478260869566,0.42836214985554255,0.6222697759110575,23.642169108157916,39.0,3.0,2.0
488.0,0.8413793103448276,0.377515276497016,0.6655765594942371,24.926710529686012,40.0,3.0,2.0
583.0,0.8052486187845304,0.4027713395616817,0.48239546706890263,27.245158369526866,41.0,3.0,2.0
728.0,0.5700861393891934,0.43938268626948024,0.7378029548611955,30.445334430207833,42.0,3.0,2.0
549.0,0.7865329512893983,0.485710215807396,0.805384670500421,26.438769072322643,43.0,3.0,2.0
506.0,0.8830715532286213,0.40636286899270724,0.5700521375140818,25.38226171238474,44.0,3.0,2.0
285.0,0.8189655172413793,0.6938975070652211,0.5411156210200592,19.04923279949934,1.0,4.0,1.0
351.0,0.6370235934664247,0.6370258861117896,0.8755420048006414,21.14017691983778,2.0,4.0,1.0
158.0,0.8876404494382022,0.5835195085670393,0.6637363101702081,14.183506197980657,3.0,4.0,1.0
202.0,0.7622641509433963,0.5947971509234744,0.9422121760582036,16.03728119216293,4.0,4.0,1.0
152.0,0.926829268292683,0.5956140584067335,0.9027837791606554,13.911592676604096,5.0,4.0,1.0
71.0,0.8765432098765432,0.5416735943774107,0.5438413939731526,9.507891862878783,6.0,4.0,1.0
132.0,0.6139534883720931,0.5260546805732124,0.8319658223382868,12.964089628857149,7.0,4.0,1.0
3.0,1.0,0.5372549295425476,0.816496580927726,1.9544100476116797,8.0,4.0,1.0
17.0,0.9444444444444444,0.5162629940930489,0.8621149811464002,4.652426491681278,9.0,4.0,1.0
30.0,0.9375,0.5495425075292525,0.815038414765514,6.180387232371033,10.0,4.0,1.0
7.0,1.0,0.508683494159148,0.8886656215775005,2.985410660720923,11.0,4.0,1.0
15.0,0.6521739130434783,0.4844444513320911,0.9919959624408198,4.370193722368317,12.0,4.0,1.0
11.0,0.8461538461538461,0.5775401321324449,0.7053733471916153,3.742410318509555,13.0,4.0,1.0
27.0,0.8181818181818182,0.5032679891144808,0.25233494792636885,5.863230142835039,14.0,4.0,1.0
53.0,0.8412698412698413,0.546725882111854,0.7654739765741286,8.214724333230155,15.0,4.0,1.0
2.0,1.0,0.4588235318660774,1.0,1.5957691216057308,16.0,4.0,1.0
18.0,0.9473684210526315,0.5788671274979938,0.7017994779522501,4.787307364817192,17.0,4.0,1.0
237.0,0.8525179856115108,0.5192686494141174,0.7928865136727029,17.371176474327626,18.0,4.0,1.0
1.0,1.0,0.6784313917159981,0.0,1.1283791670955126,19.0,4.0,1.0
2.0,1.0,0.4745098054409036,1.0,1.5957691216057308,20.0,4.0,1.0
9.0,0.9,0.3703703780968967,0.9220355298098002,3.385137501286538,21.0,4.0,1.0
5.0,1.0,0.49960785508155475,0.9241763718304448,2.5231325220201604,22.0,4.0,1.0
3.0,1.0,0.46928104758262695,1.0,1.9544100476116797,23.0,4.0,1.0
35.0,0.7142857142857143,0.4787675142288204,0.9200932971431877,6.6755811781245455,24.0,4.0,1.0
156.0,0.9570552147239264,0.6179236024618165,0.6504087064068337,14.093451279891855,25.0,4.0,1.0
12.0,1.0,0.43660131096839966,0.9667018933746258,3.9088200952233594,26.0,4.0,1.0
2.0,1.0,0.535294145345691,1.0,1.5957691216057308,27.0,4.0,1.0
32.0,0.9411764705882353,0.5444853147491888,0.7615635021298659,6.383076486422923,28.0,4.0,1.0
6.0,1.0,0.5071895569562982,0.8164965809277259,2.763953195770684,29.0,4.0,1.0
68.0,0.8192771084337349,0.6549019813537651,0.8746206823821945,9.304852983362556,30.0,4.0,1.0
9.0,0.9,0.6383442481358786,0.8749849885166952,3.385137501286538,31.0,4.0,1.0
46.0,0.71875,0.4554987290631178,0.9220425824793008,7.653039857325812,32.0,4.0,1.0
4.0,1.0,0.4862745180726049,0.7905694150420949,2.256758334191025,33.0,4.0,1.0
1.0,1.0,0.5254902243614206,0.0,1.1283791670955126,34.0,4.0,1.0
24.0,0.6666666666666666,0.4761437959969072,0.9634163598598675,5.527906391541368,35.0,4.0,1.0
144.0,0.7093596059113301,0.6551743124922118,0.988416106101625,13.540550005146152,36.0,4.0,1.0
9.0,0.8181818181818182,0.5263616773817302,0.9666968676861705,3.385137501286538,37.0,4.0,1.0
31.0,0.6888888888888889,0.677039867447268,0.950575839152464,6.282549314314218,38.0,4.0,1.0
502.0,0.6640211640211641,0.5728927672028076,0.8702140348227935,25.281737508665255,39.0,4.0,1.0
69.0,0.8961038961038961,0.5750497553659492,0.627730897084526,9.373021315815206,40.0,4.0,1.0
80.0,0.7142857142857143,0.5552451163530379,0.9425064720275351,10.092530088080641,41.0,4.0,1.0
9.0,1.0,0.6740740935007705,0.9294403032006735,3.385137501286538,42.0,4.0,1.0
154.0,0.5789473684210527,0.6265852017836138,0.806360931565804,14.002817212590296,43.0,4.0,1.0
3.0,1.0,0.5712418556213353,1.0,1.9544100476116797,44.0,4.0,1.0
51.0,0.5,0.6537485788850186,0.9620371709316885,8.058239062071396,45.0,4.0,1.0
9.0,0.75,0.5816993713378908,0.9847072064976768,3.385137501286538,46.0,4.0,1.0
44.0,0.8627450980392157,0.5060606212778503,0.45529075695691323,7.48482063701911,47.0,4.0,1.0
9.0,0.8181818181818182,0.5830065608024627,0.8343419056856601,3.385137501286538,48.0,4.0,1.0
6.0,0.8571428571428571,0.38562092185020447,0.9643078443532731,2.763953195770684,49.0,4.0,1.0
76.0,0.9047619047619048,0.40521156395736496,0.9116860857533506,9.83698151873187,50.0,4.0,1.0
1.0,1.0,0.5137255191803085,0.0,1.1283791670955126,51.0,4.0,1.0
11.0,0.7857142857142857,0.4848484911701963,0.9240311409254204,3.742410318509555,52.0,4.0,1.0
1.0,1.0,0.4745098054409045,0.0,1.1283791670955126,53.0,4.0,1.0
163.0,0.7342342342342343,0.6120534327132546,0.7785609200609026,14.406180819073164,54.0,4.0,1.0
1.0,1.0,0.29411765933036804,0.0,1.1283791670955126,55.0,4.0,1.0
130.0,0.9285714285714286,0.7612669825553895,0.7469826978544396,12.865501965161373,56.0,4.0,1.0
4.0,0.8,0.5117647275328534,0.9128709291752769,2.256758334191025,57.0,4.0,1.0
10.0,0.8333333333333334,0.446274513006216,0.9075152237207362,3.5682482323055424,58.0,4.0,1.0
42.0,0.8076923076923077,0.5732026369798762,0.8369446762425052,7.312732791431452,59.0,4.0,1.0
37.0,0.7872340425531915,0.49814521863653555,0.9160470781931253,6.863662517577698,60.0,4.0,1.0
24.0,0.6153846153846154,0.5604575363298251,0.9118272955649321,5.527906391541368,61.0,4.0,1.0
7.0,1.0,0.3932773172855377,0.8886656215775005,2.985410660720923,62.0,4.0,1.0
39.0,0.6290322580645161,0.5140271683533987,0.4296458243306511,7.046725639945928,63.0,4.0,1.0
2.0,1.0,0.4745098054409027,1.0,1.5957691216057308,64.0,4.0,1.0
1.0,1.0,0.4274509847164194,0.0,1.1283791670955126,65.0,4.0,1.0
79.0,0.7452830188679245,0.4598163426676903,0.8196631111659695,10.02925341359355,66.0,4.0,1.0
8.0,0.8888888888888888,0.5446078702807444,0.7653863869477817,3.1915382432114616,67.0,4.0,1.0
2.0,1.0,0.3470588326454138,1.0,1.5957691216057308,68.0,4.0,1.0
39.0,0.8863636363636364,0.6126697063446015,0.8990906333518662,7.046725639945928,69.0,4.0,1.0
391.0,0.8866213151927438,0.5808033949273932,0.6080347008578639,22.312253628700276,70.0,4.0,1.0
123.0,0.8367346938775511,0.30109996076037243,0.7060479928373153,12.514330345744634,71.0,4.0,1.0
8.0,0.8888888888888888,0.5387255176901842,0.9422323684941285,3.1915382432114616,72.0,4.0,1.0
1.0,1.0,0.4078431427478793,0.0,1.1283791670955126,73.0,4.0,1.0
6.0,1.0,0.30130720138549805,0.8703882797784891,2.763953195770684,74.0,4.0,1.0
17.0,0.8947368421052632,0.48073818929054457,0.9177755941173641,4.652426491681278,75.0,4.0,1.0
43.0,0.9555555555555556,0.44450524934502633,0.8853744046928845,7.399277020331919,76.0,4.0,1.0
75.0,0.9146341463414634,0.4141699409484863,0.816007180760928,9.772050238058398,77.0,4.0,1.0
325.0,0.8441558441558441,0.6218884086608888,0.5215967016244064,20.342144725641095,78.0,4.0,1.0
3.0,1.0,0.5176470875740091,1.0,1.9544100476116797,79.0,4.0,1.0
2.0,1.0,0.4431372582912445,1.0,1.5957691216057308,80.0,4.0,1.0
44.0,0.44,0.4766488515517924,0.9765342456277389,7.48482063701911,81.0,4.0,1.0
50.0,0.847457627118644,0.5934117889404289,0.907820733046128,7.978845608028654,82.0,4.0,1.0
27.0,0.75,0.4976035025384691,0.9686882462975844,5.863230142835039,83.0,4.0,1.0
1.0,1.0,0.3882353007793427,0.0,1.1283791670955126,84.0,4.0,1.0
2.0,1.0,0.343137264251709,1.0,1.5957691216057308,85.0,4.0,1.0
1.0,1.0,0.3725490272045136,0.0,1.1283791670955126,86.0,4.0,1.0
4.0,1.0,0.3901960849761963,0.9241763718304448,2.256758334191025,87.0,4.0,1.0
3.0,1.0,0.379084974527359,1.0,1.9544100476116797,88.0,4.0,1.0
126.0,0.8689655172413793,0.6883909304936741,0.8127920282716253,12.666024736934256,89.0,4.0,1.0
1.0,1.0,0.4666666686534882,0.0,1.1283791670955126,90.0,4.0,1.0
7.0,0.7777777777777778,0.4823529464857919,0.9737823498195557,2.985410660720923,91.0,4.0,1.0
45.0,0.9,0.4610893335607317,0.5512985527491129,7.569397566060481,92.0,4.0,1.0
9.0,1.0,0.43877996007601483,0.8050764858994133,3.385137501286538,93.0,4.0,1.0
125.0,0.8169934640522876,0.5389490408897408,0.9340467437686071,12.6156626101008,94.0,4.0,1.0
65.0,0.7831325301204819,0.42503771460973255,0.5160698399197832,9.09728368293446,95.0,4.0,1.0
42.0,0.6268656716417911,0.4078431427478811,0.9221702243582517,7.312732791431452,96.0,4.0,1.0
1.0,1.0,0.5372549295425422,0.0,1.1283791670955126,97.0,4.0,1.0
9.0,0.6923076923076923,0.39564270774523597,0.9541847160711605,3.385137501286538,98.0,4.0,1.0
309.0,0.7984496124031008,0.5356177602771038,0.9271706260139445,19.83509564693766,99.0,4.0,1.0
408.0,0.7756653992395437,0.6084775319870781,0.7705179355490936,22.792141940852034,100.0,4.0,1.0
327.0,0.821608040201005,0.582550843374445,0.8686250777855377,20.404639941160397,101.0,4.0,1.0
292.0,0.9329073482428115,0.3898737659193071,0.7103962436209634,19.281751659604673,102.0,4.0,1.0
1458.0,0.5708692247454973,0.2732752430238685,0.8441483273987921,43.08576628335473,1.0,4.0,2.0
1680.0,0.5241809672386896,0.2718207348758978,0.8731055795654354,46.24978308224886,2.0,4.0,2.0
1624.0,0.5988200589970502,0.20708732284018302,0.6001173123261526,45.472420439755616,3.0,4.0,2.0
1449.0,0.6906577693040992,0.2677384064763565,0.8427632693794103,42.952579670157775,4.0,4.0,2.0
1535.0,0.6930022573363431,0.2138570666798553,0.7638161949319716,44.20885319897447,5.0,4.0,2.0
1424.0,0.5183836912995996,0.24813836280863474,0.8186361935574272,42.580431088739246,6.0,4.0,2.0
1973.0,0.6057721829904821,0.19605259765345506,0.7490786789131286,50.12087012176141,7.0,4.0,2.0
2072.0,0.560302866414278,0.20534295346012568,0.7589769842933177,51.36294711843604,8.0,4.0,2.0
1488.0,0.6779043280182232,0.18083755506993757,0.8781703503093207,43.52677845379694,9.0,4.0,2.0
1832.0,0.6487252124645893,0.34123427699031306,0.8191327658494624,48.296737425573774,10.0,4.0,2.0
2000.0,0.517196793379881,0.2750823597386479,0.8992291429739536,50.4626504404032,11.0,4.0,2.0
1749.0,0.655793025871766,0.21259655958076673,0.8504035660059237,47.18999855628097,12.0,4.0,2.0
3211.0,0.6425855513307985,0.347495443592262,0.8789444041570373,63.94037987175715,13.0,4.0,2.0
1714.0,0.5347893915756631,0.3246871294625448,0.9077757500847571,46.715442625282584,14.0,4.0,2.0
1690.0,0.5365079365079365,0.20369184905079007,0.7601007506820526,46.38722701997205,15.0,4.0,2.0
2577.0,0.495196003074558,0.294796358731814,0.941185270995277,57.28122124032024,16.0,4.0,2.0
2250.0,0.5574826560951437,0.3465150415764919,0.8341926994149975,53.52372348458314,17.0,4.0,2.0
2179.0,0.7351551956815114,0.2815862714409996,0.906918256998239,52.672468785675115,18.0,4.0,2.0
1513.0,0.5770404271548436,0.30889935089276577,0.8426782759085321,43.89090374080148,19.0,4.0,2.0
1396.0,0.7097102186070158,0.19349121269009448,0.8525812990095182,42.15972490956609,20.0,4.0,2.0
2079.0,0.7264150943396226,0.23145932381674356,0.8979151954304511,51.44963569846149,21.0,4.0,2.0
1937.0,0.5919926650366748,0.19112231924352935,0.8288762826483894,49.661504187368415,22.0,4.0,2.0
1419.0,0.5768292682926829,0.1471624632045716,0.6777896776792671,42.505610382385946,23.0,4.0,2.0
1674.0,0.6113951789627465,0.1714479864253407,0.8332377416134167,46.167120311826494,24.0,4.0,2.0
1579.0,0.670488322717622,0.20392405747083903,0.9095525913366819,44.83798881681494,25.0,4.0,2.0
1438.0,0.5855048859934854,0.2546047133980364,0.6799486262869201,42.78923305376207,26.0,4.0,2.0
1612.0,0.77462758289284,0.13737167711958956,0.8076399826019196,45.30410738678208,27.0,4.0,2.0
1676.0,0.6476043276661515,0.18723150875046005,0.8904554538689505,46.19469100422832,28.0,4.0,2.0
1563.0,0.5542553191489362,0.23936121459866844,0.8848682888427748,44.610238829455504,29.0,4.0,2.0
1741.0,0.5907702748557856,0.2233694912732026,0.8449666600662858,47.081950335387745,30.0,4.0,2.0
1770.0,0.7427612253462023,0.1442716334851743,0.8845723557977655,47.4724551101082,31.0,4.0,2.0
1663.0,0.6166110493140526,0.13988186167110647,0.8789160618709956,46.01518622036181,32.0,4.0,2.0
1944.0,0.6283128636069812,0.21817760619070445,0.9254150651983066,49.75115752387231,33.0,4.0,2.0
1418.0,0.4818212708120965,0.19512431757007062,0.8769031434705714,42.490630431125176,34.0,4.0,2.0
1672.0,0.6818923327895595,0.24893517856392502,0.9255869877149061,46.13953314455178,35.0,4.0,2.0
1991.0,0.5256071805702217,0.16641357160696787,0.3962117381108696,50.348981455116935,36.0,4.0,2.0
1684.0,0.6193453475542479,0.1577569787720143,0.9000351757096258,46.304809613408565,37.0,4.0,2.0
1615.0,0.5024891101431238,0.22772780321884478,0.7416432165477852,45.34624421875849,38.0,4.0,2.0
1599.0,0.599774943735934,0.18544188667883138,0.6452587392275375,45.12105973967727,39.0,4.0,2.0
1711.0,0.7756119673617408,0.13100469078049978,0.9455525919603572,46.67454189429033,40.0,4.0,2.0
1323.0,0.5727272727272728,0.2093578229854707,0.7948513551964985,41.04261099984527,41.0,4.0,2.0
1809.0,0.5458660229330115,0.15260517002161106,0.776950881996301,47.99260710178089,42.0,4.0,2.0
2161.0,0.6207986210858949,0.23905418459145053,0.8878436806436827,52.454462690725244,43.0,4.0,2.0
1568.0,0.5216234198270127,0.2018707538479749,0.6663854653908857,44.68153540496046,44.0,4.0,2.0
2141.0,0.8036786786786787,0.18841663320165566,0.9059407212436646,52.2111660976652,45.0,4.0,2.0
